[
    {
      "id": 1,
      "first_name": "Carmelina",
      "last_name": "Peasey",
      "email": "cpeasey0@bloglovin.com",
      "gender": "Female",
      "ip_address": "155.168.48.181",
      "avatar_url": "https://robohash.org/necessitatibuseiusquasi.png?size=50x50&set=set1",
      "last_message_content": "Curabitur at ipsum ac tellus semper interdum. Mauris ullamcorper purus sit amet nulla. Quisque arcu libero, rutrum ac, lobortis vel, dapibus at, diam.",
      "last_message_date": "2:14 AM"
    },
    {
      "id": 2,
      "first_name": "Randy",
      "last_name": "Milmoe",
      "email": "rmilmoe1@examiner.com",
      "gender": "Male",
      "ip_address": "180.55.230.237",
      "avatar_url": "https://robohash.org/doloremquefacerenon.bmp?size=50x50&set=set1",
      "last_message_content": "Phasellus in felis. Donec semper sapien a libero. Nam dui.\n\nProin leo odio, porttitor id, consequat in, consequat ut, nulla. Sed accumsan felis. Ut at dolor quis odio consequat varius.",
      "last_message_date": "4:16 PM"
    },
    {
      "id": 3,
      "first_name": "Dian",
      "last_name": "Costall",
      "email": "dcostall2@usa.gov",
      "gender": "Female",
      "ip_address": "103.16.235.172",
      "avatar_url": "https://robohash.org/ahiciusto.jpg?size=50x50&set=set1",
      "last_message_content": "Praesent id massa id nisl venenatis lacinia. Aenean sit amet justo. Morbi ut odio.\n\nCras mi pede, malesuada in, imperdiet et, commodo vulputate, justo. In blandit ultrices enim. Lorem ipsum dolor sit amet, consectetuer adipiscing elit.",
      "last_message_date": "10:26 PM"
    },
    {
      "id": 4,
      "first_name": "Heinrik",
      "last_name": "Spaight",
      "email": "hspaight3@hexun.com",
      "gender": "Male",
      "ip_address": "193.202.112.149",
      "avatar_url": "https://robohash.org/liberocumqueet.bmp?size=50x50&set=set1",
      "last_message_content": "Quisque porta volutpat erat. Quisque erat eros, viverra eget, congue eget, semper rutrum, nulla. Nunc purus.\n\nPhasellus in felis. Donec semper sapien a libero. Nam dui.\n\nProin leo odio, porttitor id, consequat in, consequat ut, nulla. Sed accumsan felis. Ut at dolor quis odio consequat varius.",
      "last_message_date": "6:36 AM"
    },
    {
      "id": 5,
      "first_name": "Guntar",
      "last_name": "Ellis",
      "email": "gellis4@hp.com",
      "gender": "Male",
      "ip_address": "151.216.131.155",
      "avatar_url": "https://robohash.org/voluptatesvelquod.png?size=50x50&set=set1",
      "last_message_content": "Nulla ut erat id mauris vulputate elementum. Nullam varius. Nulla facilisi.\n\nCras non velit nec nisi vulputate nonummy. Maecenas tincidunt lacus at velit. Vivamus vel nulla eget eros elementum pellentesque.\n\nQuisque porta volutpat erat. Quisque erat eros, viverra eget, congue eget, semper rutrum, nulla. Nunc purus.",
      "last_message_date": "11:51 AM"
    },
    {
      "id": 6,
      "first_name": "Anneliese",
      "last_name": "Macenzy",
      "email": "amacenzy5@symantec.com",
      "gender": "Female",
      "ip_address": "8.15.14.88",
      "avatar_url": "https://robohash.org/eamodiamet.png?size=50x50&set=set1",
      "last_message_content": "Phasellus sit amet erat. Nulla tempus. Vivamus in felis eu sapien cursus vestibulum.",
      "last_message_date": "10:07 PM"
    },
    {
      "id": 7,
      "first_name": "Langsdon",
      "last_name": "Shelford",
      "email": "lshelford6@e-recht24.de",
      "gender": "Male",
      "ip_address": "29.214.249.131",
      "avatar_url": "https://robohash.org/inventoreenimmagnam.png?size=50x50&set=set1",
      "last_message_content": "Duis consequat dui nec nisi volutpat eleifend. Donec ut dolor. Morbi vel lectus in quam fringilla rhoncus.",
      "last_message_date": "2:07 AM"
    },
    {
      "id": 8,
      "first_name": "Buckie",
      "last_name": "Harrod",
      "email": "bharrod7@typepad.com",
      "gender": "Male",
      "ip_address": "47.88.163.236",
      "avatar_url": "https://robohash.org/quidemimpeditquis.bmp?size=50x50&set=set1",
      "last_message_content": "Praesent blandit. Nam nulla. Integer pede justo, lacinia eget, tincidunt eget, tempus vel, pede.\n\nMorbi porttitor lorem id ligula. Suspendisse ornare consequat lectus. In est risus, auctor sed, tristique in, tempus sit amet, sem.",
      "last_message_date": "7:16 PM"
    },
    {
      "id": 9,
      "first_name": "Jacquie",
      "last_name": "Chatburn",
      "email": "jchatburn8@mac.com",
      "gender": "Female",
      "ip_address": "230.12.72.76",
      "avatar_url": "https://robohash.org/eumestminus.bmp?size=50x50&set=set1",
      "last_message_content": "Pellentesque at nulla. Suspendisse potenti. Cras in purus eu magna vulputate luctus.",
      "last_message_date": "9:44 AM"
    },
    {
      "id": 10,
      "first_name": "Bill",
      "last_name": "Doubleday",
      "email": "bdoubleday9@bigcartel.com",
      "gender": "Male",
      "ip_address": "241.23.118.181",
      "avatar_url": "https://robohash.org/quodasperioreslibero.bmp?size=50x50&set=set1",
      "last_message_content": "In hac habitasse platea dictumst. Morbi vestibulum, velit id pretium iaculis, diam erat fermentum justo, nec condimentum neque sapien placerat ante. Nulla justo.",
      "last_message_date": "4:28 PM"
    },
    {
      "id": 11,
      "first_name": "Maxy",
      "last_name": "Summerly",
      "email": "msummerlya@miitbeian.gov.cn",
      "gender": "Female",
      "ip_address": "179.101.10.74",
      "avatar_url": "https://robohash.org/recusandaeofficiissit.jpg?size=50x50&set=set1",
      "last_message_content": "Maecenas tristique, est et tempus semper, est quam pharetra magna, ac consequat metus sapien ut nunc. Vestibulum ante ipsum primis in faucibus orci luctus et ultrices posuere cubilia Curae; Mauris viverra diam vitae quam. Suspendisse potenti.\n\nNullam porttitor lacus at turpis. Donec posuere metus vitae ipsum. Aliquam non mauris.\n\nMorbi non lectus. Aliquam sit amet diam in magna bibendum imperdiet. Nullam orci pede, venenatis non, sodales sed, tincidunt eu, felis.",
      "last_message_date": "12:17 AM"
    },
    {
      "id": 12,
      "first_name": "Brian",
      "last_name": "Harlow",
      "email": "bharlowb@nasa.gov",
      "gender": "Male",
      "ip_address": "105.159.241.151",
      "avatar_url": "https://robohash.org/omnisquineque.jpg?size=50x50&set=set1",
      "last_message_content": "Fusce consequat. Nulla nisl. Nunc nisl.",
      "last_message_date": "10:02 PM"
    },
    {
      "id": 13,
      "first_name": "Aharon",
      "last_name": "Boxell",
      "email": "aboxellc@t-online.de",
      "gender": "Male",
      "ip_address": "75.26.176.225",
      "avatar_url": "https://robohash.org/corporiseaexcepturi.bmp?size=50x50&set=set1",
      "last_message_content": "Proin eu mi. Nulla ac enim. In tempor, turpis nec euismod scelerisque, quam turpis adipiscing lorem, vitae mattis nibh ligula nec sem.\n\nDuis aliquam convallis nunc. Proin at turpis a pede posuere nonummy. Integer non velit.",
      "last_message_date": "11:18 PM"
    },
    {
      "id": 14,
      "first_name": "Mabel",
      "last_name": "Deering",
      "email": "mdeeringd@surveymonkey.com",
      "gender": "Female",
      "ip_address": "207.43.184.110",
      "avatar_url": "https://robohash.org/eligendimolestiasomnis.bmp?size=50x50&set=set1",
      "last_message_content": "Aenean lectus. Pellentesque eget nunc. Donec quis orci eget orci vehicula condimentum.\n\nCurabitur in libero ut massa volutpat convallis. Morbi odio odio, elementum eu, interdum eu, tincidunt in, leo. Maecenas pulvinar lobortis est.\n\nPhasellus sit amet erat. Nulla tempus. Vivamus in felis eu sapien cursus vestibulum.",
      "last_message_date": "3:08 AM"
    },
    {
      "id": 15,
      "first_name": "Vito",
      "last_name": "Healings",
      "email": "vhealingse@engadget.com",
      "gender": "Male",
      "ip_address": "216.86.53.189",
      "avatar_url": "https://robohash.org/voluptatibusquisquamvoluptate.png?size=50x50&set=set1",
      "last_message_content": "Phasellus sit amet erat. Nulla tempus. Vivamus in felis eu sapien cursus vestibulum.\n\nProin eu mi. Nulla ac enim. In tempor, turpis nec euismod scelerisque, quam turpis adipiscing lorem, vitae mattis nibh ligula nec sem.\n\nDuis aliquam convallis nunc. Proin at turpis a pede posuere nonummy. Integer non velit.",
      "last_message_date": "4:09 AM"
    },
    {
      "id": 16,
      "first_name": "Buck",
      "last_name": "McCome",
      "email": "bmccomef@prlog.org",
      "gender": "Male",
      "ip_address": "52.210.226.255",
      "avatar_url": "https://robohash.org/aliquamlaudantiumplaceat.png?size=50x50&set=set1",
      "last_message_content": "Pellentesque at nulla. Suspendisse potenti. Cras in purus eu magna vulputate luctus.\n\nCum sociis natoque penatibus et magnis dis parturient montes, nascetur ridiculus mus. Vivamus vestibulum sagittis sapien. Cum sociis natoque penatibus et magnis dis parturient montes, nascetur ridiculus mus.",
      "last_message_date": "10:23 PM"
    },
    {
      "id": 17,
      "first_name": "Melisse",
      "last_name": "Cretney",
      "email": "mcretneyg@unc.edu",
      "gender": "Female",
      "ip_address": "92.31.57.143",
      "avatar_url": "https://robohash.org/rempossimuscum.png?size=50x50&set=set1",
      "last_message_content": "Praesent id massa id nisl venenatis lacinia. Aenean sit amet justo. Morbi ut odio.\n\nCras mi pede, malesuada in, imperdiet et, commodo vulputate, justo. In blandit ultrices enim. Lorem ipsum dolor sit amet, consectetuer adipiscing elit.",
      "last_message_date": "3:04 PM"
    },
    {
      "id": 18,
      "first_name": "Janine",
      "last_name": "McGriele",
      "email": "jmcgrieleh@phpbb.com",
      "gender": "Female",
      "ip_address": "34.219.155.127",
      "avatar_url": "https://robohash.org/sedquaeratofficiis.bmp?size=50x50&set=set1",
      "last_message_content": "Fusce posuere felis sed lacus. Morbi sem mauris, laoreet ut, rhoncus aliquet, pulvinar sed, nisl. Nunc rhoncus dui vel sem.",
      "last_message_date": "1:29 AM"
    },
    {
      "id": 19,
      "first_name": "Viviana",
      "last_name": "Telford",
      "email": "vtelfordi@youtube.com",
      "gender": "Female",
      "ip_address": "40.27.239.178",
      "avatar_url": "https://robohash.org/quiutreiciendis.jpg?size=50x50&set=set1",
      "last_message_content": "Duis aliquam convallis nunc. Proin at turpis a pede posuere nonummy. Integer non velit.",
      "last_message_date": "7:08 PM"
    },
    {
      "id": 20,
      "first_name": "Obidiah",
      "last_name": "Shreeve",
      "email": "oshreevej@canalblog.com",
      "gender": "Male",
      "ip_address": "24.146.103.85",
      "avatar_url": "https://robohash.org/voluptatibuspariaturqui.png?size=50x50&set=set1",
      "last_message_content": "Sed sagittis. Nam congue, risus semper porta volutpat, quam pede lobortis ligula, sit amet eleifend pede libero quis orci. Nullam molestie nibh in lectus.",
      "last_message_date": "11:22 PM"
    },
    {
      "id": 21,
      "first_name": "Marven",
      "last_name": "Glanert",
      "email": "mglanertk@linkedin.com",
      "gender": "Male",
      "ip_address": "119.241.6.172",
      "avatar_url": "https://robohash.org/doloremdolorducimus.png?size=50x50&set=set1",
      "last_message_content": "Nam ultrices, libero non mattis pulvinar, nulla pede ullamcorper augue, a suscipit nulla elit ac nulla. Sed vel enim sit amet nunc viverra dapibus. Nulla suscipit ligula in lacus.",
      "last_message_date": "8:08 PM"
    },
    {
      "id": 22,
      "first_name": "Zachary",
      "last_name": "Champagne",
      "email": "zchampagnel@usda.gov",
      "gender": "Male",
      "ip_address": "179.236.3.3",
      "avatar_url": "https://robohash.org/eaqueestbeatae.png?size=50x50&set=set1",
      "last_message_content": "In hac habitasse platea dictumst. Etiam faucibus cursus urna. Ut tellus.\n\nNulla ut erat id mauris vulputate elementum. Nullam varius. Nulla facilisi.\n\nCras non velit nec nisi vulputate nonummy. Maecenas tincidunt lacus at velit. Vivamus vel nulla eget eros elementum pellentesque.",
      "last_message_date": "6:24 PM"
    },
    {
      "id": 23,
      "first_name": "Ferris",
      "last_name": "Latty",
      "email": "flattym@comsenz.com",
      "gender": "Male",
      "ip_address": "126.201.80.171",
      "avatar_url": "https://robohash.org/nihilmolestiasnobis.png?size=50x50&set=set1",
      "last_message_content": "Cum sociis natoque penatibus et magnis dis parturient montes, nascetur ridiculus mus. Vivamus vestibulum sagittis sapien. Cum sociis natoque penatibus et magnis dis parturient montes, nascetur ridiculus mus.",
      "last_message_date": "1:04 PM"
    },
    {
      "id": 24,
      "first_name": "Mona",
      "last_name": "Croose",
      "email": "mcroosen@bloomberg.com",
      "gender": "Female",
      "ip_address": "203.246.87.10",
      "avatar_url": "https://robohash.org/culpadelenitieaque.jpg?size=50x50&set=set1",
      "last_message_content": "Cras mi pede, malesuada in, imperdiet et, commodo vulputate, justo. In blandit ultrices enim. Lorem ipsum dolor sit amet, consectetuer adipiscing elit.\n\nProin interdum mauris non ligula pellentesque ultrices. Phasellus id sapien in sapien iaculis congue. Vivamus metus arcu, adipiscing molestie, hendrerit at, vulputate vitae, nisl.",
      "last_message_date": "10:45 AM"
    },
    {
      "id": 25,
      "first_name": "Tabby",
      "last_name": "Hyndes",
      "email": "thyndeso@woothemes.com",
      "gender": "Female",
      "ip_address": "155.138.193.201",
      "avatar_url": "https://robohash.org/assumendaodiosapiente.bmp?size=50x50&set=set1",
      "last_message_content": "Cras non velit nec nisi vulputate nonummy. Maecenas tincidunt lacus at velit. Vivamus vel nulla eget eros elementum pellentesque.",
      "last_message_date": "12:00 AM"
    },
    {
      "id": 26,
      "first_name": "Dita",
      "last_name": "Woolpert",
      "email": "dwoolpertp@bloglines.com",
      "gender": "Female",
      "ip_address": "243.205.234.37",
      "avatar_url": "https://robohash.org/dolorumnumquamreiciendis.jpg?size=50x50&set=set1",
      "last_message_content": "Nullam sit amet turpis elementum ligula vehicula consequat. Morbi a ipsum. Integer a nibh.",
      "last_message_date": "8:24 PM"
    },
    {
      "id": 27,
      "first_name": "Mab",
      "last_name": "Lescop",
      "email": "mlescopq@census.gov",
      "gender": "Female",
      "ip_address": "161.197.37.248",
      "avatar_url": "https://robohash.org/estsuntquis.png?size=50x50&set=set1",
      "last_message_content": "Duis bibendum. Morbi non quam nec dui luctus rutrum. Nulla tellus.",
      "last_message_date": "11:16 AM"
    },
    {
      "id": 28,
      "first_name": "Conan",
      "last_name": "Philippe",
      "email": "cphilipper@amazon.com",
      "gender": "Male",
      "ip_address": "168.164.211.30",
      "avatar_url": "https://robohash.org/ametducimusvoluptatem.png?size=50x50&set=set1",
      "last_message_content": "In hac habitasse platea dictumst. Morbi vestibulum, velit id pretium iaculis, diam erat fermentum justo, nec condimentum neque sapien placerat ante. Nulla justo.",
      "last_message_date": "10:25 PM"
    },
    {
      "id": 29,
      "first_name": "Kaylil",
      "last_name": "Fanthom",
      "email": "kfanthoms@si.edu",
      "gender": "Female",
      "ip_address": "162.176.132.165",
      "avatar_url": "https://robohash.org/sedpraesentiuminventore.jpg?size=50x50&set=set1",
      "last_message_content": "Integer ac leo. Pellentesque ultrices mattis odio. Donec vitae nisi.\n\nNam ultrices, libero non mattis pulvinar, nulla pede ullamcorper augue, a suscipit nulla elit ac nulla. Sed vel enim sit amet nunc viverra dapibus. Nulla suscipit ligula in lacus.",
      "last_message_date": "7:08 PM"
    },
    {
      "id": 30,
      "first_name": "Burgess",
      "last_name": "Casseldine",
      "email": "bcasseldinet@weebly.com",
      "gender": "Male",
      "ip_address": "103.26.93.16",
      "avatar_url": "https://robohash.org/earumveritatiscorporis.png?size=50x50&set=set1",
      "last_message_content": "Integer tincidunt ante vel ipsum. Praesent blandit lacinia erat. Vestibulum sed magna at nunc commodo placerat.\n\nPraesent blandit. Nam nulla. Integer pede justo, lacinia eget, tincidunt eget, tempus vel, pede.",
      "last_message_date": "7:14 PM"
    }
  ]